{
  "id": "63b4508c9b093e5b10ce8fe9",
  "name": "Hello",
  "code": "1234",
  "prefix": "Hellowfor",
  "mobilePages": "3",
  "main": {
    "properties": [
      {
        "name": "projectCode",
        "type": "Input",
        "label": "label",
        "required": true,
        "options": null
      },
      {
        "name": "projectCode2",
        "type": "Input",
        "label": "label2",
        "required": true,
        "options": null
      },
      {
        "name": "projectCode3",
        "type": "Input",
        "label": "label3",
        "required": true,
        "options": null
      }
    ]
  },
  "formPage": [
    {
      "name": "Page 1",
      "title": "Title 1",
      "subtitle": "Subtitle 1",
      "properties": [
        {
          "name": "pageProperties",
          "type": "Input",
          "label": "pageType",
          "required": true,
          "options": [
            {
              "label": "Label1",
              "value": "Value1"
            },
            {
              "label": "Label2",
              "value": "Value2"
            }
          ]
        }
      ]
    },
    {
      "name": "Page 2",
      "title": "Title 2",
      "subtitle": "Subtitle 2",
      "properties": null
    },
    {
      "name": "Page 3",
      "title": "Title 3",
      "subtitle": "Subtitle 3",
      "properties": null
    }
  ]
}